{"restaurants": [{"photograph": "1.jpg", "neighborhood": "Manhattan", "name": "Mission Chinese Food", "latlng": {"lat": 40.713829, "lng": -73.989667}, "operating_hours": {"Monday": "5:30 pm - 11:00 pm", "Tuesday": "5:30 pm - 12:00 am", "Friday": "5:30 pm - 12:00 am", "Wednesday": "5:30 pm - 12:00 am", "Thursday": "5:30 pm - 12:00 am", "Sunday": "12:00 pm - 4:00 pm, 5:30 pm - 11:00 pm", "Saturday": "12:00 pm - 4:00 pm, 5:30 pm - 12:00 am"}, "reviews": [{"date": "October 26, 2016", "rating": 4, "name": "Steve", "comments": "Mission Chinese Food has grown up from its scrappy Orchard Street days into a big, two story restaurant equipped with a pizza oven, a prime rib cart, and a much broader menu. Yes, it still has all the hits \u2014 the kung pao pastrami, the thrice cooked bacon \u2014but chef/proprietor Danny Bowien and executive chef Angela Dimayuga have also added a raw bar, two generous family-style set menus, and showstoppers like duck baked in clay. And you can still get a lot of food without breaking the bank."}, {"date": "October 26, 2016", "rating": 4, "name": "Morgan", "comments": "This place is a blast. Must orders: GREEN TEA NOODS, sounds gross (to me at least) but these were incredible!, Kung pao pastrami (but you already knew that), beef tartare was a fun appetizer that we decided to try, the spicy ma po tofu SUPER spicy but delicous, egg rolls and scallion pancake i could have passed on... I wish we would have gone with a larger group, so much more I would have liked to try!"}, {"date": "October 26, 2016", "rating": 3, "name": "Jason", "comments": "I was VERY excited to come here after seeing and hearing so many good things about this place. Having read much, I knew going into it that it was not going to be authentic Chinese. The place was edgy, had a punk rock throwback attitude, and generally delivered the desired atmosphere. Things went downhill from there though. The food was okay at best and the best qualities were easily overshadowed by what I believe to be poor decisions by the kitchen staff."}], "address": "171 E Broadway, New York, NY 10002", "cuisine_type": "Asian", "id": 1}, {"photograph": "2.jpg", "neighborhood": "Brooklyn", "name": "Emily", "latlng": {"lat": 40.683555, "lng": -73.966393}, "operating_hours": {"Monday": "5:30 pm - 11:00 pm", "Tuesday": "5:30 pm - 11:00 pm", "Friday": "5:30 pm - 11:00 pm", "Wednesday": "5:30 pm - 11:00 pm", "Thursday": "5:30 pm - 11:00 pm", "Sunday": "12:00 pm - 3:00 pm, 5:00 pm - 11:00 pm", "Saturday": "5:00 pm - 11:30 pm"}, "reviews": [{"date": "October 26, 2016", "rating": 4, "name": "Steph", "comments": "Five star food, two star atmosphere. I would definitely get takeout from this place - but dont think I have the energy to deal with the hipster ridiculousness again. By the time we left the wait was two hours long."}, {"date": "October 26, 2016", "rating": 4, "name": "Steve", "comments": "This cozy Clinton Hill restaurant excels at both straightforward and unusual wood-fired pizzas. If you want a taste of the latter, consider ordering the Emily, which is topped with mozzarella, pistachios, truffled sottocenere cheese, and honey. The menu includes salads and a handful of starters, as well as a burger that some meat connoisseurs consider to be among the best in the city."}, {"date": "October 26, 2016", "rating": 5, "name": "Sam", "comments": "5 star atmosphere as it is very cozy with great staff. 5 star food as their Emmy burger is outrageously good. and its on a pretzel bun.. Too juicy for its own good and downright addicting. Also try the Colony pizza. Many others looked like worth competitors, but the Colony really found its way to my heart. when you start with a great crust, top it with top notch cheese and sauce, you've got a winner. But, if you go a step further and add the salty from the pepperoni, the sweet from the honey, and the spicy from the chili oil.... your mouth is confused and happy at the same time."}], "address": "919 Fulton St, Brooklyn, NY 11238", "cuisine_type": "Pizza", "id": 2}, {"photograph": "3.jpg", "neighborhood": "Manhattan", "name": "Kang Ho Dong Baekjeong", "latlng": {"lat": 40.747143, "lng": -73.985414}, "operating_hours": {"Monday": "11:30 am - 2:00 am", "Tuesday": "11:30 am - 2:00 am", "Friday": "11:30 am - 6:00 am", "Wednesday": "11:30 am - 2:00 am", "Thursday": "11:30 am - 2:00 am", "Sunday": "11:30 am - 2:00 am", "Saturday": "11:30 am - 6:00 am"}, "reviews": [{"date": "October 26, 2016", "rating": 4, "name": "Steve", "comments": "The tables at this 32nd Street favorite are outfitted with grills for cooking short ribs, brisket, beef tongue, rib eye, and pork jowl. The banchan plates are uniformly good, and Deuki Hong\u2019s menu also includes winning dishes like stir-fried squid noodles, kimchi stew, and seafood pancakes. If it\u2019s available, make sure to order the kimchi and rice \u201clunchbox.\u201d Baekjeong is a great place for large groups and birthday parties."}, {"date": "October 26, 2016", "rating": 5, "name": "ZS", "comments": "I've been to Korea before and many other Korean BBQ places. We had the regular pork belly and a beef (forgot which cut) and a seafood tofu soup. Two meat and a soup was just prefect for the two of us. We could have done one meat and one soup. The portions of the meat are great! The beef was juicy, tender and so good. The sides were excellent. "}, {"date": "October 26, 2016", "rating": 2, "name": "Emily", "comments": "MEH. I've tried their Jersey location as well but Kang Ho Dong meat quality is severely decreasing. A Korean bbq place with whatever meat? I think NOT!"}], "address": "1 E 32nd St, New York, NY 10016", "cuisine_type": "Asian", "id": 3}, {"photograph": "4.jpg", "neighborhood": "Manhattan", "name": "Katz's Delicatessen", "latlng": {"lat": 40.722216, "lng": -73.987501}, "operating_hours": {"Monday": "8:00 am - 10:30 pm", "Tuesday": "8:00 am - 10:30 pm", "Friday": "8:00 am - Sat", "Wednesday": "8:00 am - 10:30 pm", "Thursday": "8:00 am - 2:30 am", "Sunday": "Sat - 10:30 pm", "Saturday": "Open 24 hours"}, "reviews": [{"date": "October 26, 2016", "rating": 5, "name": "Steve", "comments": "In 127 years, little has changed at Katz's. It remains one of New York's \u2014 and the country's \u2014 essential Jewish delicatessens. Every inch of the massive Lower East Side space smells intensely of pastrami and rye loaves. The sandwiches are massive, so they are best when shared. Order at the counter, and don't forget to tip your slicer \u2014 your sandwich will be better for it."}, {"date": "October 26, 2016", "rating": 5, "name": "Allen", "comments": "If I lived in NY and got diabetes from eating here every single time I ate, I would do it over and over and over again just for that first bite. These guys know how to make a sandwich. The heart attack comes free of charge! Came by while I was visiting NYC. First pit-stop when I come back :)!"}, {"date": "October 26, 2016", "rating": 2, "name": "David", "comments": "Ok so four of us came. One more later who didn't order becauase it's so expensive and simple. Seriously, a bunch of meat albeit you can sample beforehand on rye/white/wheat bread. Cheese extra. Pickles free, you can just ask them at the pickup counter. But seriously 20 bucks gone for an non-flavored half sandwich. And a line that is long, especially if you want seating. I'm down to just take a quick look where Sally and Harry sat and leave to the other delis all around NYC. Oh and they accept Samsung pay."}], "address": "205 E Houston St, New York, NY 10002", "cuisine_type": "American", "id": 4}, {"photograph": "5.jpg", "neighborhood": "Brooklyn", "name": "Roberta's Pizza", "latlng": {"lat": 40.705089, "lng": -73.933585}, "operating_hours": {"Monday": "11:00 am - 12:00 am", "Tuesday": "11:00 am - 12:00 am", "Friday": "11:00 am - 12:00 am", "Wednesday": "11:00 am - 12:00 am", "Thursday": "11:00 am - 12:00 am", "Sunday": "10:00 am - 12:00 am", "Saturday": "10:00 am - 12:00 am"}, "reviews": [{"date": "October 26, 2016", "rating": 4, "name": "Steve", "comments": "Roberta's is the epicenter of the modern Brooklyn food scene.The pizzas are fantastic, but the restaurant really flexes its muscles with the vegetable dishes. In addition to the pies, consider ordering the radishes, the romaine salad, the roasted beets, and some of the charcuterie."}, {"date": "October 26, 2016", "rating": 4, "name": "Raymond", "comments": "Roberta's, one of the better pizzas I have had in my life. Very trendy and hipsterish spot. Came here for lunch on a random weekday afternoon and when we arrived, there was a line forming already. The space is a bit cramped. You'll get to know your neighbors soon enough. The pizza is just delightful and delicious. It's a ncie plus that you get to see them firing up the pizzas in the corner. The major issue with Roberta's is the trek out to the Williamsburg/Bushwick."}, {"date": "October 26, 2016", "rating": 4, "name": "Laurel", "comments": "The pizza is fantastic, not THE best I've ever had, but would definitely go back since it has great food and great ambiance. Definitely worth going to. It has A LOT of hype in the New York food scene, and I question if it deserves all of it, but it's still a totally great spot to hit up when in the area!!"}], "address": "261 Moore St, Brooklyn, NY 11206", "cuisine_type": "Pizza", "id": 5}, {"photograph": "6.jpg", "neighborhood": "Brooklyn", "name": "Hometown BBQ", "latlng": {"lat": 40.674925, "lng": -74.016162}, "operating_hours": {"Monday": "Closed", "Tuesday": "12:00 pm - 10:00 pm", "Friday": "12:00 pm - 11:00 pm", "Wednesday": "12:00 pm - 10:00 pm", "Thursday": "12:00 pm - 10:00 pm", "Sunday": "12:00 pm - 9:00 pm", "Saturday": "12:00 pm - 11:00 pm"}, "reviews": [{"date": "October 26, 2016", "rating": 4, "name": "Steve", "comments": "Barbecue aficionados agree that Billy Durney is cooking up some of the best Texas-style barbecue in the city. Straightforward classics like smoked brisket and baby back ribs are always a strong choice, but there are also options like pork belly tacos and a lamb belly banh mi. The space is sprawling in a way that feels like the real deal, and Durney himself can usually be found working the room, and keeping a watchful eye on the smoking meats. It's counter service only, and there's often a line, but for the scene and certainly for the meat, it's easily worth the trip to Red Hook."}, {"date": "October 26, 2016", "rating": 4, "name": "Michelle", "comments": "Overall, a great try of New York BBQ. The restaurant d\u00e9cor is rustic with a good amount of seats to sit and enjoy the meal. I definitely would love to come back and try that monster of a beef rib!"}, {"date": "October 26, 2016", "rating": 4, "name": "Ai-Mei", "comments": "mmmmmm, what a gem this is in bklyn! I loveeee how soft their brisket is here. Their pork tacos are to die for, their different variety of ribs and lastly, their lamb is not gamey at all. Super wallet friendly for the amount they give you. I highly recommend this spot- after eating here, you can definitely walk over for Steve's key lime pies."}], "address": "454 Van Brunt St, Brooklyn, NY 11231", "cuisine_type": "American", "id": 6}, {"photograph": "7.jpg", "neighborhood": "Manhattan", "name": "Superiority Burger", "latlng": {"lat": 40.727397, "lng": -73.983645}, "operating_hours": {"Monday": "11:30 am - 10:00 pm", "Tuesday": "Closed", "Friday": "11:30 am - 10:00 pm", "Wednesday": "11:30 am - 10:00 pm", "Thursday": "11:30 am - 10:00 pm", "Sunday": "11:30 am - 10:00 pm", "Saturday": "11:30 am - 10:00 pm"}, "reviews": [{"date": "4 April", "rating": 4, "name": "Artem", "comments": "Very Nice!"}, {"date": "October 26, 2016", "rating": 4, "name": "Steve", "comments": "Brooks Headley\u2019s tiny East Village cafe is so much more than a veggie burger spot \u2014 it's one of the best bang-for-your-buck restaurants in Lower Manhattan. Headley and his crew turn seasonal vegetables into delectable salads and riffs on American comfort food favorites. The specials menu changes daily, and the rest of the menu is constantly evolving. You can get a lot of food to eat here for under $15 per person."}, {"date": "October 26, 2016", "rating": 5, "name": "Gabriel", "comments": "I was turned on to this place following the glowing NYT review. Its near my area of the city so I figured why not go? Man they weren't kidding, Superiority Burger is probably the best vegetarian experience I've ever had!"}], "address": "430 E 9th St, New York, NY 10009", "cuisine_type": "American", "id": 7}, {"photograph": "8.jpg", "neighborhood": "Manhattan", "name": "The Dutch", "latlng": {"lat": 40.726584, "lng": -74.002082}, "operating_hours": {"Monday": "11:30 am - 3:00 pm, 5:30 pm - 11:00 pm", "Tuesday": "11:30 am - 3:00 pm, 5:30 pm - 11:00 pm", "Friday": "11:30 am - 3:00 pm, 5:30 pm - 11:30 pm", "Wednesday": "11:30 am - 3:00 pm, 5:30 pm - 11:00 pm", "Thursday": "11:30 am - 3:00 pm, 5:30 pm - 11:00 pm", "Sunday": "10:00 am - 3:00 pm, 5:30 pm - 11:00 pm", "Saturday": "10:00 am - 3:00 pm, 5:30 pm - 11:30 pm"}, "reviews": [{"date": "October 26, 2016", "rating": 4, "name": "Steve", "comments": "Over the last five years, The Dutch has turned into the quintessential American restaurant that chef Andrew Carmellini and partners Josh Pickard and Luke Ostrom sought to evoke when it first opened. It\u2019s a great choice when you\u2019re craving a steak, a burger, or oysters, and the menu always includes plentiful seafood options as well as pastas. The Dutch is now an indelible part of the Soho landscape."}, {"date": "October 26, 2016", "rating": 4, "name": "Loren", "comments": "I randomly came here on a Saturday night. I was pleasantly surprised with the food and the service. We had the calamari and the ceviche with avocado, and then the catfish. Oh! Then we had the banana souffl\u00e9 for dessert with ice cream. It was all delicious and well put together. Would love to eat here again."}, {"date": "October 26, 2016", "rating": 4, "name": "Lori", "comments": "Aside from the slightly claustrophobic dining area and the fact that you may have difficulty hearing your dining companion, I'd return to The Dutch without hesitation. The food is surprisingly well-executed and conceived, and our dinner service flowed smoothly without a hitch. Just make sure to get a reservation in advance, as I'm sure more than just a few other people will have the same idea."}], "address": "131 Sullivan St, New York, NY 10012", "cuisine_type": "American", "id": 8}, {"photograph": "9.jpg", "neighborhood": "Queens", "name": "Mu Ramen", "latlng": {"lat": 40.743797, "lng": -73.950652}, "operating_hours": {"Monday": "5:00 pm - 10:00 pm", "Tuesday": "5:00 pm - 10:00 pm", "Friday": "5:00 pm - 11:00 pm", "Wednesday": "5:00 pm - 10:00 pm", "Thursday": "5:00 pm - 10:00 pm", "Sunday": "5:00 pm - 10:00 pm", "Saturday": "5:00 pm - 11:00 pm"}, "reviews": [{"date": "October 26, 2016", "rating": 4, "name": "Steve", "comments": "Joshua Smookler\u2019s two-year-old ramen shop serves one of the best tonkotsu broths around. Beyond ramen, Mu also offers some high minded plates, like foie gras-stuffed chicken wings, as well as dry-aged Japanese Wagyu beef specials. Mu is just 10 short minutes away from Midtown via the 7-train."}, {"date": "October 26, 2016", "rating": 4, "name": "Brittany", "comments": "Overall, I would definitely recommend this place if you enjoy thick curly noodles with a thick, intense broth.  If you don't there are still other options but I can't vouch for those."}, {"date": "October 26, 2016", "rating": 4, "name": "Sally", "comments": "One of the tastiest and most unique ramen places I've been to in NYC, but also the priciest. I think overall its worth the try. Not an everyday casual ramen shop though."}], "address": "1209 Jackson Ave, Queens, NY 11101", "cuisine_type": "Asian", "id": 9}, {"photograph": "10.jpg", "neighborhood": "Queens", "name": "Casa Enrique", "latlng": {"lat": 40.743394, "lng": -73.954235}, "operating_hours": {"Monday": "5:00 pm - 12:00 am", "Tuesday": "5:00 pm - 12:00 am", "Friday": "5:00 pm - 12:00 am", "Wednesday": "5:00 pm - 12:00 am", "Thursday": "5:00 pm - 12:00 am", "Sunday": "11:00 am - 12:00 am", "Saturday": "11:00 am - 12:00 am"}, "reviews": [{"date": "4 April", "rating": 4, "name": "Hello", "comments": "Very Nice!"}, {"date": "October 26, 2016", "rating": 5, "name": "Steve", "comments": "Head to this laid-back Long Island City restaurant for beef tongue tacos, chicken smothered in a heady mole sauce, and a monster crab tostada. New York's only Michelin-starred Mexican restaurant is an especially cool choice for lunch during the week or drinks after work. Eater critic Ryan Sutton awarded this restaurant two stars."}, {"date": "October 26, 2016", "rating": 5, "name": "Rob", "comments": "The hype was real. Please go. Get the ceviche. And the tres leches. You're welcome"}, {"date": "October 26, 2016", "rating": 4, "name": "Jason", "comments": "For a Michelin star restaurant, it's fairly priced and the food is fairly good. Started with a strawberry margarita which was good in flavor but not much alcohol. Had the chicken enchiladas with salsa verde and it was really good. Great balance in flavor and a good portion. Extra tasty with their hot sauces. My wife had the lamb but it was a bit too salty for our taste. Although, it was cooked very well and fell off the bone. The highlight of the night was the tres leches cake. Probably the best I've ever had to be honest. Not too sweet and very milky. Overall, one of my top 3 favorite Mexican in NY."}], "address": "5-48 49th Ave, Queens, NY 11101", "cuisine_type": "Mexican", "id": 10}, {"photograph": "react_pr1.jpg", "neighborhood": "Brooklyn", "name": "London", "latlng": {"lat": "40.722216", "lng": "-73.722216"}, "operating_hours": {"Monday": "8:00 am - 10:30 pm", "Tuesday": "8:00 am - 10:30 pm", "Friday": "8:00 am - Sat", "Wednesday": "8:00 am - 10:30 pm", "Thursday": "8:00 am - 10:30 pm", "Sunday": "Sat - 10:30 pm", "Saturday": "Open 24 hours"}, "reviews": [], "address": "E 18th", "cuisine_type": "American", "id": 12}]}